Counts	 
28 	
24 	
34 	
30 	
48 	
37 	
49 	
67 	
56 	
78 	
95 	
99 	
128 	
140 	
132 	
173 	
179 	
206 	
216 	
264 	
292 	
300 	
323 	
350 	
395 	
411 	
444 	
448 	
473 	
503 	
507 	
549 	
620 	
622 	
604 	
641 	
647 	
655 	
722 	
737 	
702 	
759 	
761 	
759 	
739 	
815 	
778 	
839 	
819 	
745 	
779 	
829 	
802 	
757 	
812 	
787 	
780 	
838 	
787 	
843 	
887 	
863 	
826 	
852 	
868 	
844 	
889 	
844 	
848 	
815 	
840 	
838 	
935 	
832 	
798 	
854 	
869 	
862 	
856 	
819 	
825 	
858 	
834 	
877 	
827 	
849 	
844 	
877 	
847 	
870 	
858 	
849 	
875 	
852 	
796 	
858 	
829 	
903 	
840 	
839 	
843 	
851 	
874 	
876 	
898 	
895 	
848 	
887 	
886 	
917 	
902 	
910 	
883 	
912 	
853 	
885 	
830 	
911 	
894 	
938 	
881 	
891 	
941 	
938 	
932 	
903 	
939 	
945 	
990 	
912 	
966 	
927 	
897 	
921 	
923 	
893 	
939 	
892 	
894 	
937 	
953 	
953 	
972 	
944 	
939 	
930 	
931 	
970 	
916 	
946 	
921 	
910 	
942 	
927 	
946 	
976 	
954 	
941 	
957 	
974 	
897 	
973 	
905 	
958 	
938 	
926 	
944 	
951 	
946 	
990 	
1006 	
996 	
953 	
963 	
1004 	
1003 	
1008 	
961 	
1004 	
1013 	
1024 	
1003 	
1046 	
1092 	
995 	
976 	
1015 	
1063 	
1071 	
1004 	
1064 	
1077 	
974 	
1060 	
1028 	
1006 	
1078 	
1015 	
1010 	
995 	
1017 	
997 	
1064 	
1032 	
1023 	
1003 	
1022 	
1000 	
1020 	
1031 	
1013 	
1041 	
975 	
1008 	
999 	
1033 	
1032 	
1032 	
1011 	
1012 	
1003 	
1036 	
1018 	
992 	
1022 	
1027 	
1079 	
1024 	
1011 	
1041 	
1070 	
962 	
951 	
1000 	
1011 	
1015 	
1068 	
1018 	
1010 	
1003 	
976 	
1058 	
1029 	
988 	
1024 	
1064 	
1097 	
1053 	
1038 	
1109 	
1093 	
1134 	
1133 	
1104 	
1136 	
1129 	
1221 	
1205 	
1202 	
1220 	
1209 	
1223 	
1258 	
1271 	
1336 	
1279 	
1330 	
1348 	
1357 	
1437 	
1413 	
1384 	
1417 	
1459 	
1520 	
1498 	
1501 	
1534 	
1570 	
1557 	
1481 	
1591 	
1641 	
1611 	
1647 	
1642 	
1640 	
1637 	
1645 	
1605 	
1661 	
1587 	
1623 	
1577 	
1669 	
1606 	
1599 	
1558 	
1622 	
1632 	
1522 	
1548 	
1531 	
1475 	
1485 	
1502 	
1473 	
1445 	
1412 	
1345 	
1412 	
1442 	
1362 	
1396 	
1342 	
1381 	
1281 	
1317 	
1308 	
1263 	
1292 	
1206 	
1252 	
1182 	
1232 	
1190 	
1140 	
1178 	
1130 	
1056 	
1145 	
1100 	
1065 	
1051 	
1087 	
1044 	
1039 	
1041 	
1056 	
1043 	
1034 	
991 	
989 	
969 	
1005 	
992 	
969 	
980 	
978 	
1004 	
1001 	
992 	
958 	
982 	
932 	
994 	
910 	
892 	
889 	
968 	
917 	
890 	
872 	
930 	
917 	
907 	
852 	
862 	
867 	
901 	
874 	
832 	
854 	
851 	
853 	
855 	
802 	
855 	
852 	
898 	
808 	
816 	
825 	
812 	
824 	
824 	
808 	
822 	
832 	
783 	
791 	
778 	
812 	
788 	
780 	
786 	
761 	
825 	
781 	
793 	
799 	
731 	
780 	
764 	
746 	
750 	
721 	
741 	
736 	
757 	
784 	
768 	
743 	
740 	
751 	
766 	
779 	
742 	
719 	
749 	
766 	
722 	
725 	
768 	
698 	
712 	
736 	
729 	
727 	
726 	
729 	
740 	
765 	
697 	
744 	
748 	
720 	
669 	
690 	
717 	
721 	
722 	
751 	
708 	
738 	
695 	
722 	
709 	
668 	
694 	
689 	
686 	
671 	
659 	
714 	
684 	
688 	
702 	
664 	
676 	
629 	
641 	
686 	
620 	
662 	
632 	
633 	
576 	
591 	
636 	
604 	
634 	
586 	
626 	
620 	
571 	
618 	
592 	
622 	
570 	
578 	
501 	
588 	
564 	
537 	
577 	
539 	
504 	
510 	
537 	
478 	
483 	
510 	
491 	
503 	
473 	
454 	
459 	
437 	
438 	
413 	
457 	
406 	
411 	
429 	
381 	
351 	
357 	
365 	
369 	
359 	
350 	
320 	
338 	
330 	
320 	
341 	
330 	
317 	
287 	
297 	
292 	
275 	
253 	
272 	
252 	
260 	
249 	
241 	
263 	
238 	
211 	
243 	
232 	
201 	
220 	
234 	
206 	
224 	
189 	
195 	
193 	
220 	
186 	
193 	
196 	
189 	
200 	
186 	
168 	
185 	
193 	
181 	
185 	
176 	
164 	
208 	
168 	
194 	
144 	
166 	
157 	
168 	
175 	
168 	
156 	
171 	
156 	
142 	
153 	
152 	
150 	
133 	
157 	
142 	
114 	
158 	
165 	
170 	
135 	
162 	
163 	
152 	
146 	
127 	
135 	
143 	
141 	
155 	
144 	
125 	
163 	
165 	
135 	
159 	
150 	
159 	
165 	
157 	
151 	
144 	
168 	
163 	
137 	
142 	
121 	
127 	
162 	
158 	
149 	
158 	
143 	
157 	
155 	
156 	
158 	
147 	
164 	
153 	
145 	
170 	
163 	
154 	
179 	
160 	
181 	
168 	
174 	
163 	
165 	
189 	
190 	
170 	
229 	
193 	
205 	
206 	
199 	
233 	
223 	
239 	
235 	
257 	
240 	
289 	
276 	
264 	
302 	
301 	
308 	
356 	
366 	
349 	
359 	
353 	
399 	
401 	
430 	
456 	
421 	
451 	
472 	
510 	
529 	
507 	
571 	
543 	
557 	
604 	
643 	
656 	
728 	
683 	
707 	
749 	
746 	
826 	
856 	
857 	
856 	
828 	
901 	
944 	
836 	
959 	
974 	
946 	
976 	
1047 	
1005 	
1014 	
1079 	
1106 	
1118 	
1129 	
1150 	
1185 	
1207 	
1241 	
1274 	
1219 	
1283 	
1210 	
1275 	
1334 	
1333 	
1290 	
1335 	
1343 	
1342 	
1358 	
1379 	
1410 	
1327 	
1430 	
1385 	
1427 	
1406 	
1395 	
1424 	
1448 	
1422 	
1382 	
1462 	
1415 	
1399 	
1342 	
1418 	
1376 	
1392 	
1331 	
1452 	
1277 	
1359 	
1329 	
1302 	
1319 	
1258 	
1273 	
1236 	
1199 	
1159 	
1151 	
1140 	
1094 	
1093 	
1022 	
1066 	
987 	
928 	
894 	
875 	
928 	
819 	
786 	
749 	
721 	
694 	
687 	
646 	
592 	
580 	
526 	
545 	
519 	
512 	
476 	
404 	
422 	
391 	
383 	
353 	
322 	
270 	
263 	
258 	
258 	
268 	
232 	
256 	
217 	
206 	
198 	
181 	
162 	
167 	
167 	
144 	
142 	
137 	
126 	
123 	
113 	
138 	
135 	
113 	
101 	
127 	
120 	
105 	
80 	
94 	
89 	
114 	
65 	
85 	
92 	
96 	
93 	
99 	
63 	
61 	
89 	
96 	
97 	
91 	
82 	
114 	
98 	
94 	
93 	
80 	
86 	
100 	
100 	
85 	
76 	
84 	
94 	
82 	
93 	
89 	
95 	
102 	
102 	
79 	
94 	
76 	
79 	
100 	
88 	
89 	
88 	
98 	
101 	
84 	
78 	
67 	
81 	
92 	
84 	
70 	
73 	
86 	
85 	
91 	
90 	
94 	
88 	
114 	
90 	
89 	
88 	
102 	
98 	
98 	
88 	
76 	
90 	
94 	
85 	
87 	
83 	
98 	
106 	
94 	
97 	
72 	
94 	
108 	
85 	
81 	
86 	
96 	
99 	
94 	
74 	
84 	
87 	
88 	
90 	
96 	
76 	
83 	
85 	
95 	
90 	
74 	
87 	
98 	
83 	
88 	
73 	
82 	
86 	
78 	
84 	
86 	
83 	
85 	
95 	
82 	
99 	
97 	
71 	
98 	
90 	
90 	
76 	
89 	
76 	
98 	
80 	
109 	
96 	
87 	
102 	
77 	
97 	
101 	
82 	
106 	
92 	
95 	
85 	
81 	
70 	
78 	
95 	
98 	
106 	
85 	
97 	
64 	
84 	
97 	
94 	
89 	
85 	
99 	
86 	
88 	
76 	
85 	
89 	
78 	
99 	
91 	
91 	
74 	
96 	
77 	
90 	
91 	
110 	
77 	
92 	
120 	
99 	
88 	
92 	
81 	
93 	
89 	
95 	
88 	
81 	
94 	
102 	
100 	
94 	
85 	
92 	
80 	
88 	
86 	
101 	
101 	
97 	
89 	
85 	
84 	
88 	
100 	
110 	
104 	
89 	
97 	
98 	
90 	
106 	
84 	
82 	
99 	
90 	
91 	
106 	
91 	
85 	
104 	
100 	
117 	
92 	
95 	
92 	
98 	
80 	
94 	
107 	
86 	
76 	
80 	
91 	
97 	
84 	
92 	
101 	
100 	
83 	
105 	
107 	
93 	
95 	
86 	
98 	
92 	
108 	
97 	
95 	
98 	
95 	
89 	
85 	
99 	
95 	
106 	
109 	
89 	
69 	
106 	
110 	
97 	
105 	
92 	
136 	
75 	
109 	
96 	
107 	
92 	
96 	
108 	
95 	
97 	
99 	
78 	
91 	
116 	
93 	
80 	
104 	
93 	
89 	
116 	
93 	
109 	
93 	
102 	
96 	
110 	
103 	
101 	
110 	
87 	
100 	
100 	
109 	
99 	
116 	
101 	
97 	
121 	
100 	
105 	
103 	
106 	
92 	
108 	
118 	
106 	
113 	
106 	
122 	
125 	
109 	
100 	
118 	
109 	
106 	
81 	
107 	
111 	
91 	
95 	
126 	
115 	
114 	
104 	
107 	
99 	
84 	
123 	
112 	
129 	
98 	
110 	
107 	
137 	
100 	
108 	
120 	
99 	
110 	
110 	
119 	
114 	
104 	
127 	
116 	
99 	
108 	
133 	
107 	
108 	
114 	
110 	
101 	
105 	
118 	
135 	
123 	
101 	
90 	
135 	
101 	
108 	
104 	
116 	
116 	
108 	
124 	
121 	
129 	
112 	
115 	
109 	
121 	
110 	
113 	
111 	
116 	
144 	
116 	
115 	
114 	
117 	
116 	
149 	
128 	
112 	
124 	
144 	
126 	
101 	
123 	
115 	
151 	
124 	
98 	
135 	
130 	
124 	
138 	
131 	
113 	
129 	
136 	
118 	
142 	
119 	
112 	
120 	
118 	
104 	
133 	
125 	
119 	
121 	
118 	
135 	
126 	
131 	
121 	
134 	
116 	
112 	
120 	
123 	
110 	
107 	
132 	
101 	
136 	
119 	
99 	
142 	
111 	
136 	
108 	
105 	
115 	
125 	
115 	
126 	
109 	
133 	
128 	
114 	
127 	
142 	
126 	
140 	
133 	
119 	
119 	
92 	
128 	
125 	
128 	
112 	
125 	
137 	
108 	
136 	
98 	
125 	
125 	
115 	
127 	
99 	
124 	
110 	
99 	
116 	
93 	
92 	
102 	
92 	
119 	
108 	
107 	
101 	
121 	
103 	
99 	
101 	
99 	
86 	
98 	
95 	
98 	
119 	
96 	
113 	
107 	
109 	
93 	
113 	
87 	
105 	
98 	
100 	
96 	
99 	
98 	
77 	
86 	
89 	
91 	
94 	
92 	
106 	
84 	
82 	
85 	
103 	
94 	
96 	
84 	
91 	
74 	
79 	
65 	
62 	
92 	
79 	
93 	
84 	
71 	
67 	
61 	
71 	
66 	
64 	
76 	
51 	
71 	
60 	
61 	
77 	
48 	
55 	
70 	
58 	
53 	
50 	
44 	
56 	
50 	
61 	
55 	
49 	
51 	
41 	
36 	
42 	
34 	
44 	
38 	
29 	
34 	
27 	
46 	
25 	
50 	
27 	
31 	
42 	
36 	
21 	
40 	
40 	
26 	
30 	
32 	
30 	
21 	
30 	
27 	
28 	
26 	
22 	
22 	
23 	
26 	
23 	
15 	
21 	
19 	
28 	
24 	
26 	
25 	
27 	
22 	
23 	
21 	
18 	
15 	
17 	
15 	
19 	
21 	
20 	
19 	
16 	
26 	
22 	
18 	
28 	
23 	
21 	
29 	
25 	
19 	
16 	
20 	
32 	
26 	
31 	
30 	
30 	
29 	
39 	
25 	
50 	
37 	
29 	
28 	
31 	
34 	
37 	
32 	
43 	
27 	
29 	
38 	
41 	
40 	
33 	
40 	
39 	
43 	
41 	
47 	
61 	
47 	
48 	
45 	
40 	
42 	
41 	
42 	
61 	
49 	
57 	
48 	
70 	
70 	
60 	
55 	
64 	
47 	
61 	
52 	
51 	
60 	
70 	
60 	
54 	
73 	
73 	
41 	
61 	
72 	
68 	
63 	
57 	
61 	
65 	
51 	
59 	
70 	
73 	
58 	
69 	
64 	
66 	
67 	
75 	
57 	
78 	
63 	
63 	
65 	
57 	
69 	
54 	
66 	
71 	
52 	
79 	
62 	
52 	
60 	
69 	
72 	
73 	
75 	
84 	
77 	
74 	
68 	
96 	
66 	
83 	
80 	
57 	
79 	
103 	
68 	
80 	
73 	
77 	
80 	
64 	
78 	
78 	
70 	
70 	
69 	
78 	
71 	
76 	
76 	
69 	
65 	
83 	
64 	
70 	
77 	
80 	
77 	
85 	
82 	
57 	
79 	
70 	
67 	
65 	
87 	
71 	
54 	
66 	
87 	
60 	
63 	
48 	
49 	
59 	
63 	
55 	
42 	
65 	
70 	
43 	
48 	
51 	
54 	
44 	
46 	
45 	
45 	
43 	
48 	
31 	
40 	
41 	
40 	
36 	
33 	
28 	
30 	
30 	
22 	
30 	
23 	
25 	
21 	
22 	
23 	
15 	
21 	
14 	
15 	
19 	
13 	
22 	
18 	
17 	
13 	
11 	
15 	
11 	
11 	
9 	
6 	
7 	
6 	
9 	
14 	
6 	
3 	
6 	
3 	
5 	
8 	
5 	
7 	
4 	
3 	
6 	
3 	
4 	
2 	
4 	
2 	
3 	
0 	
0 	
2 	
2 	
4 	
1 	
1 	
1 	
1 	
1 	
1 	
3 	
2 	
1 	
0 	
1 	
1 	
0 	
1 	
2 	
2 	
0 	
4 	
1 	
1 	
2 	
0 	
0 	
0 	
2 	
1 	
0 	
1 	
1 	
1 	
1 	
2 	
1 	
1 	
1 	
2 	
1 	
1 	
0 	
2 	
3 	
2 	
3 	
1 	
1 	
1 	
1 	
1 	
0 	
4 	
0 	
1 	
2 	
2 	
2 	
1 	
0 	
2 	
2 	
0 	
2 	
0 	
1 	
1 	
4 	
2 	
0 	
2 	
2 	
0 	
0 	
2 	
0 	
1 	
0 	
0 	
1 	
2 	
2 	
3 	
0 	
2 	
1 	
0 	
1 	
1 	
1 	
0 	
0 	
2 	
2 	
2 	
0 	
0 	
0 	
0 	
1 	
0 	
1 	
1 	
1 	
1 	
0 	
0 	
0 	
0 	
0 	
0 	
0 	
0 	
1 	
1 	
0 	
1 	
0 	
1 	
0 	
0 	
0 	
1 	
1 	
0 	
2 	
1 	
0 	
0 	
0 	
1 	
0 	
2 	
1 	
2 	
1 	
1 	
1 	
0 	
0 	
1 	
0 	
0 	
1 	
0 	
1 	
0 	
1 	
0 	
0 	
0 	
2 	
3 	
0 	
1 	
0 	
2 	
2 	
1 	
1 	
0 	
1 	
0 	
0 	
1 	
0 	
0 	
0 	
0 	
0 	
0 	
0 	
0 	
0 	
2 	
1 	
0 	
0 	
1 	
1 	
1 	
0 	
0 	
1 	
0 	
1 	
0 	
1 	
0 	
1 	
0 	
1 	
1 	
0 	
0 	
2 	
0 	
0 	
0 	
0 	
1 	
0 	
1 	
0 	
0 	
0 	
0 	
0 	
0 	
0 	
1 	
1 	
0 	
0 	
0 	
0 	
0 	
0 	
0 	
0 	
0 	
0 	
0 	
0 	
0 	
0 	
0 	
0 	
1 	
0 	
1 	
0 	
1 	
0 	
0 	
0 	
0 	
0 	
0 	
0 	
0 	
1 	
0 	
1 	
0 	
0 	
0 	
0 	
0 	
0 	
0 	
1 	
1 	
0 	
1 	
0 	
0 	
0 	
0 	
0 	
0 	
1 	
0 	
1 	
1 	
1 	
0 	
0 	
0 	
0 	
0 	
0 	
0 	
0 	
0 	
0 	
0 	
1 	
1 	
0 	
0 	
0 	
0 	
1 	
0 	
0 	
0 	
1 	
0 	
0 	
0 	
1 	
0 	
2 	
0 	
0 	
0 	
1 	
2 	
1 	
1 	
0 	
0 	
0 	
0 	
0 	
0 	
1 	
0 	
0 	
0 	
0 	
1 	
1 	
0 	
2 	
1 	
0 	
0 	
1 	
0 	
0 	
0 	
0 	
0 	
0 	
0 	
0 	
0 	
0 	
0 	
2 	
0 	
0 	
1 	
0 	
0 	
1 	
0 	
0 	
1 	
0 	
1 	
1 	
0 	
0 	
0 	
1 	
0 	
1 	
1 	
0 	
1 	
0 	
1 	
0 	
0 	
0 	
1 	
0 	
2 	
0 	
0 	
0 	
1 	
0 	
0 	
0 	
0 	
0 	
0 	
0 	
0 	
0 	
0 	
0 	
0 	
0 	
0 	
0 	
1 	
0 	
0 	
0 	
0 	
